{"cameraMode":{"drawMode":0,"name":"Shaded","section":"Shading Mode"},"sceneLighting":false,"audioPlay":false,"sceneViewState":{"showFog":true,"showMaterialUpdate":true,"showSkybox":false,"showFlares":true,"showImageEffects":true,"showParticleSystems":true},"in2DMode":false,"pivot":{"x":-0.61810302734375,"y":-0.895538330078125,"z":0.01171875},"rotation":{"x":-0.019794195890426637,"y":0.038080595433712009,"z":-0.000754438282456249,"w":-0.9990790486335754},"size":0.9477282762527466,"orthographic":true}