{"cameraMode":{"drawMode":0,"name":"Shaded","section":"Shading Mode"},"sceneLighting":true,"audioPlay":false,"sceneViewState":{"showFog":true,"showMaterialUpdate":true,"showSkybox":true,"showFlares":true,"showImageEffects":true,"showParticleSystems":true},"in2DMode":false,"pivot":{"x":1009.7477416992188,"y":594.2897338867188,"z":17.8115234375},"rotation":{"x":-0.019794195890426637,"y":0.038080595433712009,"z":-0.000754438282456249,"w":-0.9990790486335754},"size":1016.8916015625,"orthographic":true}